NTA Experiment Summary File,
Created with NTA 3.4 Build 3.4.003,
,
[Experiment Details],,
Software Version,NTA 3.4 Build 3.4.003,
Experiment Name,AD_12h_B_LS 2020-10-27 11-33-44.nano,
Operator Name,jenH,
Time Captured,11:33:44  27/10/2020,
Sample Description,AD_12h_B_LS,
Pre-treatment,,
Diluent,,
Remarks,,
,,
,,,,
Filename:,AD_12h_B_LS 2020-10-27 11-34-07,AD_12h_B_LS 2020-10-27 11-35-16,AD_12h_B_LS 2020-10-27 11-36-25,AD_12h_B_LS 2020-10-27 11-37-34,
Processed,Yes,Yes,Yes,Yes,

[Conditions],,,,,
Temperature/C,21.840,21.916,21.931,21.976,
Viscosity/cP,0.956575,0.954846,0.954505,0.953485,
Camera Type,sCMOS,sCMOS,sCMOS,sCMOS,
Laser Type,Red,Red,Red,Red,
Camera Level,16,16,16,16,
Slider Shutter,1300,1300,1300,1300,
Slider Gain,512,512,512,512,
Shutter/ms,32.500000,32.500000,32.500000,32.500000,
Camera Histogram Upper Limit,2470,2470,2470,2470,
Camera Histogram Lower Limit,0,0,0,0,
Frame rate/fps,24.982500,24.982500,24.982500,24.982500,
Syringe Pump Speed/AU,100,100,100,100,
,,,,,
[Settings],,,,,
Detection Threshold,4,4,4,4,
Max Jump Mode,Auto,Auto,Auto,Auto,
Max Jump Distance,14.1277,14.1277,14.1277,14.1277,
Blur,Auto,Auto,Auto,Auto,
Min Track Length,Auto,Auto,Auto,Auto,
First frame,0,0,0,0,
Total frames analysed,1498,1498,1498,1498,
,,,,,
[Exclusion Regions]
No Exclusion Regions Used,,,,,

[Results],,,,,Average,Standard Error,
Dilution factor (concentrations adjusted for this factor),Not recorded,Not recorded,Not recorded,Not recorded,,,
Concentration (Particles / ml),7.77e+06,8.49e+06,9.51e+06,1.66e+07,1.06e+07,2.03e+06,
Concentration Upgrade?,Yes,Yes,Yes,Yes,,,
Particles per frame,0.8,0.7,0.8,1.6,1.0,0.2,
Centres per frame,1.1,1.0,1.1,2.1,1.3,0.3,
Completed tracks,150,121,150,331,,,
X-Drift (pix/frame),-9.9,-10.9,-11.1,-11.4,,,
Y-Drift (pix/frame),0.2,0.3,0.4,0.0,,,
,,,,,,,
[Concentration Warnings]
Validity of concentration measurement,Unreliable,Unreliable,Unreliable,Unreliable,
Completed Tracks,OK,OK,OK,OK,
Particles per frame,Too Low,Too Low,Too Low,Too Low,
Noise level,Noise detected,Noise detected,Noise detected,Noise detected,
Brightness,OK,OK,OK,OK,
Detection Threshold,OK,OK,OK,OK,
Camera Histogram Lower Limit,OK,OK,OK,OK,

[Information]
Completed Tracks,<200,<200,<200,OK,
Concentration,Very low concentration,Very low concentration,Very low concentration,Very low concentration,
Video length,OK,OK,OK,OK,
Noise level,High noise,Noise detected,Noise detected,Noise detected,
Vibration detected,No,No,No,High vibration,
Vibration correction applied,No,No,No,No,
Settings changed?,No,No,No,No,
Errors (1),,,,,
Errors (2),,,,,

[Data Included],
Size distribution - Number weighting - With Percentiles,
,
[Size Data],,
Analysis Method,FTLA,
Weighting,Number,
Filename,AD_12h_B_LS 2020-10-27 11-34-07,AD_12h_B_LS 2020-10-27 11-35-16,AD_12h_B_LS 2020-10-27 11-36-25,AD_12h_B_LS 2020-10-27 11-37-34,Average,Standard Error,
Mean,141.7,162.5,137.3,125.4,141.7,7.7,
Mode,81.5,162.9,72.4,101.7,104.6,20.4,
SD,48.4,64.4,46.7,59.1,54.7,4.2,
D10,79.4,63.7,73.4,59.4,69.0,4.5,
D50,145.0,165.9,134.3,105.0,137.6,12.7,
D90,203.3,254.7,180.9,175.9,203.7,18.0,
Valid Tracks,45.0,46.0,48.0,83.0,,,
Graph Data,
Bin centre (nm),Concentration (particles / ml),Concentration (particles / ml),Concentration (particles / ml),Concentration (particles / ml),Concentration average,Standard Error,
0.5,0,0,0,0,0,0,
1.5,0,0,0,0,0,0,
2.5,0,0,0,0,0,0,
3.5,0,0,0,0,0,0,
4.5,0,0,0,0,0,0,
5.5,0,0,0,0,0,0,
6.5,0,0,0,0,0,0,
7.5,0,0,0,0,0,0,
8.5,0,0,0,0,0,0,
9.5,0,0,0,0,0,0,
10.5,0,0,0,0,0,0,
11.5,0,0,0,0,0,0,
12.5,0,0,0,0,0,0,
13.5,0,0,0,0,0,0,
14.5,0,0,0,0,0,0,
15.5,0,0,0,0,0,0,
16.5,0,0,0,0,0,0,
17.5,0,0,0,0,0,0,
18.5,0,0,0,0,0,0,
19.5,0,0,0,0,0,0,
20.5,0,0,0,0,0,0,
21.5,0,0,0,0,0,0,
22.5,0,0,0,0,0,0,
23.5,0,0,0,0,0,0,
24.5,0,0,0,0,0,0,
25.5,0,0,0,0,0,0,
26.5,0,0,0,0,0,0,
27.5,0,0,0,0,0,0,
28.5,0,0,0,0,0,0,
29.5,0,0,0,0,0,0,
30.5,0,0,0,0,0,0,
31.5,0,0,0,0,0,0,
32.5,0,0,0,0,0,0,
33.5,0,0,0,0,0,0,
34.5,0,0,0,0,0,0,
35.5,0,0,0,0,0,0,
36.5,0,0,0,0,0,0,
37.5,2,0,0,0,0,0,
38.5,6,0,0,0,2,2,
39.5,17,0,0,0,4,4,
40.5,41,0,0,0,10,10,
41.5,90,0,0,0,23,22,
42.5,177,1,0,0,45,44,
43.5,316,5,0,0,80,79,
44.5,516,20,0,0,134,127,
45.5,771,71,0,0,210,188,
46.5,1063,220,0,0,321,253,
47.5,1358,617,0,0,494,323,
48.5,1618,1559,0,0,794,459,
49.5,1808,3553,0,3,1341,851,
50.5,1905,7323,0,56,2321,1725,
51.5,1907,13686,0,763,4089,3223,
52.5,1827,23260,1,6837,7981,5294,
53.5,1690,36076,4,38961,19183,10608,
54.5,1522,51264,14,139030,47957,32609,
55.5,1349,67040,42,310856,94822,73690,
56.5,1189,81086,119,442186,131145,105400,
57.5,1054,91214,310,411719,126074,97577,
58.5,950,96021,748,261210,89732,61403,
59.5,880,95237,1669,118739,54131,30892,
60.5,847,89664,3452,41003,33741,20776,
61.5,855,80780,6637,11475,24937,18741,
62.5,911,70247,11886,2787,21458,16439,
63.5,1029,59506,19878,630,20261,13831,
64.5,1236,49572,31113,142,20516,12053,
65.5,1576,41007,45692,34,22077,12323,
66.5,2125,34009,63120,9,24816,14950,
67.5,3012,28542,82236,3,28448,19038,
68.5,4447,24449,101324,1,32555,23531,
69.5,6768,21540,118399,0,36677,27609,
70.5,10490,19641,131601,0,40433,30653,
71.5,16358,18623,139567,0,43637,32245,
72.5,25348,18414,141687,0,46362,32222,
73.5,38575,19001,138155,0,48933,30766,
74.5,57042,20435,129848,0,51831,28557,
75.5,81206,22830,118072,0,55527,26962,
76.5,110459,26355,104274,0,60272,27746,
77.5,142730,31219,89796,2,65937,31648,
78.5,174510,37632,75717,3,71965,37513,
79.5,201456,45724,62779,8,77492,43394,
80.5,219479,55436,51405,17,81585,47664,
81.5,225900,66370,41750,40,83515,49396,
82.5,220181,77648,33779,95,82926,48428,
83.5,203933,87877,27342,220,79843,45239,
84.5,180267,95297,22235,504,74576,40647,
85.5,152828,98162,18237,1124,67588,35418,
86.5,124924,95304,15144,2424,59449,29982,
87.5,98995,86635,12775,5031,50859,24406,
88.5,76464,73337,10981,10001,42696,18606,
89.5,57865,57569,9642,18976,36013,12675,
90.5,43113,41784,8668,34273,31960,8004,
91.5,31765,27997,7989,58801,31638,10450,
92.5,23234,17312,7559,95701,35951,20177,
93.5,16928,9890,7344,147644,45451,34124,
94.5,12322,5231,7326,215856,60184,51912,
95.5,8983,2572,7500,299123,79544,73206,
96.5,6572,1181,7870,393142,102191,96994,
97.5,4834,509,8453,490579,126094,121506,
98.5,3581,208,9273,582008,148767,144425,
99.5,2675,81,10367,657586,167677,163317,
100.5,2019,31,11782,709010,180710,176119,
101.5,1541,11,13575,731171,186574,181557,
102.5,1192,4,15811,723011,185004,179372,
103.5,935,1,18563,687410,176728,170281,
104.5,747,0,21907,630227,163220,155752,
105.5,607,0,25916,558878,146350,137642,
106.5,505,0,30652,480906,128016,117848,
107.5,429,0,36158,402853,109860,98031,
108.5,374,0,42445,329629,93112,79466,
109.5,335,0,49487,264335,78539,63013,
110.5,309,0,57204,208445,66490,49192,
111.5,294,0,65466,162174,56984,38295,
112.5,289,0,74087,124893,49817,30496,
113.5,294,0,82835,95509,44659,25829,
114.5,309,0,91443,72748,41125,23960,
115.5,336,0,99629,55353,38829,24082,
116.5,377,0,107117,42190,37421,25253,
117.5,437,0,113660,32295,36598,26777,
118.5,522,0,119057,24887,36117,28250,
119.5,641,0,123172,19350,35791,29471,
120.5,808,0,125938,15209,35489,30351,
121.5,1042,0,127357,12107,35127,30865,
122.5,1370,0,127498,9775,34661,31021,
123.5,1829,0,126483,8017,34082,30848,
124.5,2473,0,124471,6685,33407,30386,
125.5,3372,0,121645,5674,32673,29680,
126.5,4619,0,118198,4905,31931,28778,
127.5,6336,0,114318,4320,31244,27723,
128.5,8671,0,110180,3880,30683,26558,
129.5,11798,1,105939,3553,30323,25326,
130.5,15911,3,101728,3317,30240,24075,
131.5,21206,5,97654,3157,30506,22865,
132.5,27858,11,93802,3063,31184,21784,
133.5,35988,23,90235,3028,32319,20954,
134.5,45621,46,86999,3049,33929,20524,
135.5,56656,90,84124,3125,35999,20642,
136.5,68829,170,81626,3257,38470,21391,
137.5,81707,313,79513,3451,41246,22740,
138.5,94701,557,77788,3713,44190,24533,
139.5,107113,963,76445,4053,47143,26527,
140.5,118199,1610,75478,4485,49943,28451,
141.5,127261,2608,74874,5026,52442,30046,
142.5,133727,4089,74623,5699,54534,31098,
143.5,137221,6211,74710,6529,56168,31455,
144.5,137605,9141,75121,7550,57354,31039,
145.5,134987,13049,75838,8804,58169,29841,
146.5,129689,18079,76843,10339,58738,27925,
147.5,122197,24337,78115,12214,59216,25412,
148.5,113089,31865,79630,14498,59770,22483,
149.5,102968,40626,81360,17270,60556,19370,
150.5,92401,50497,83273,20623,61698,16383,
151.5,81876,61268,85334,24656,63284,13929,
152.5,71780,72656,87500,29480,65354,12490,
153.5,62386,84319,89724,35210,67910,12399,
154.5,53865,95886,91956,41960,70917,13526,
155.5,46299,106982,94138,49839,74315,15395,
156.5,39698,117259,96209,58939,78026,17567,
157.5,34026,126410,98107,69322,81966,19778,
158.5,29212,134196,99766,81010,86046,21913,
159.5,25170,140449,101122,93970,90178,23957,
160.5,21805,145077,102113,108098,94273,25957,
161.5,19027,148060,102683,123209,98244,27988,
162.5,16750,149441,102781,139027,102000,30125,
163.5,14898,149317,102369,155184,105442,32413,
164.5,13407,147825,101419,171226,108469,34849,
165.5,12221,145127,99915,186624,110972,37376,
166.5,11294,141401,97858,200803,112839,39885,
167.5,10592,136830,95262,213173,113964,42230,
168.5,10085,131591,92157,223165,114250,44255,
169.5,9754,125854,88585,230279,113618,45802,
170.5,9585,119771,84603,234120,112020,46738,
171.5,9568,113478,80274,234440,109440,46963,
172.5,9703,107095,75671,231155,105906,46420,
173.5,9991,100721,70870,224364,101486,45100,
174.5,10441,94437,65949,214337,96291,43040,
175.5,11065,88310,60984,201504,90466,40319,
176.5,11883,82389,56047,186412,84183,37051,
177.5,12919,76713,51204,169690,77632,33369,
178.5,14202,71309,46511,151999,71006,29420,
179.5,15769,66194,42018,133985,64492,25350,
180.5,17662,61377,37763,116239,58260,21291,
181.5,19927,56862,33774,99265,52457,17363,
182.5,22615,52646,30072,83460,47198,13669,
183.5,25780,48723,26665,69103,42568,10315,
184.5,29476,45085,23557,56360,38620,7455,
185.5,33754,41721,20744,45295,35378,5442,
186.5,38653,38618,18216,35882,32842,4918,
187.5,44199,35761,15959,28030,30987,6000,
188.5,50397,33139,13956,21600,29773,7925,
189.5,57220,30735,12189,16428,29143,10165,
190.5,64601,28535,10637,12337,29028,12525,
191.5,72430,26527,9281,9152,29347,14929,
192.5,80545,24695,8101,6711,30013,17332,
193.5,88732,23028,7077,4866,30926,19689,
194.5,96728,21513,6191,3492,31981,21944,
195.5,104230,20138,5427,2480,33069,24033,
196.5,110909,18892,4770,1745,34079,25881,
197.5,116431,17767,4205,1218,34905,27413,
198.5,120485,16751,3720,842,35450,28556,
199.5,122803,15836,3306,578,35631,29247,
200.5,123194,15015,2951,394,35389,29442,
201.5,121561,14281,2648,267,34689,29119,
202.5,117915,13626,2389,180,33528,28283,
203.5,112381,13046,2169,121,31929,26967,
204.5,105188,12534,1982,81,29946,25230,
205.5,96656,12086,1824,54,27655,23153,
206.5,87165,11698,1690,36,25147,20832,
207.5,77123,11366,1578,23,22523,18372,
208.5,66938,11088,1485,15,19882,15876,
209.5,56982,10860,1409,10,17315,13440,
210.5,47572,10681,1348,7,14902,11146,
211.5,38948,10549,1300,4,12700,9059,
212.5,31271,10462,1264,3,10750,7227,
213.5,24624,10420,1240,2,9072,5681,
214.5,19019,10423,1227,1,7667,4441,
215.5,14410,10469,1225,0,6526,3516,
216.5,10712,10561,1233,0,5627,2904,
217.5,7816,10697,1251,0,4941,2573,
218.5,5598,10880,1280,0,4440,2458,
219.5,3937,11111,1321,0,4092,2478,
220.5,2720,11391,1373,0,3871,2567,
221.5,1847,11724,1438,0,3752,2686,
222.5,1233,12110,1517,0,3715,2818,
223.5,810,12554,1611,0,3744,2955,
224.5,523,13059,1722,0,3826,3099,
225.5,333,13627,1852,0,3953,3250,
226.5,209,14264,2003,0,4119,3411,
227.5,129,14971,2177,0,4319,3586,
228.5,79,15755,2378,0,4553,3775,
229.5,47,16619,2608,0,4819,3980,
230.5,28,17567,2872,0,5117,4204,
231.5,16,18602,3171,0,5447,4448,
232.5,10,19729,3511,0,5813,4712,
233.5,5,20951,3896,0,6213,4998,
234.5,3,22270,4330,0,6651,5305,
235.5,2,23688,4818,0,7127,5636,
236.5,0,25204,5362,0,7642,5989,
237.5,0,26817,5968,0,8197,6364,
238.5,0,28525,6639,0,8791,6762,
239.5,0,30321,7376,0,9424,7179,
240.5,0,32199,8182,0,10095,7616,
241.5,0,34147,9056,0,10801,8069,
242.5,0,36152,9996,0,11537,8536,
243.5,0,38196,10999,0,12299,9013,
244.5,0,40260,12059,0,13080,9496,
245.5,0,42321,13166,0,13872,9978,
246.5,0,44349,14308,0,14664,10454,
247.5,0,46317,15472,0,15447,10917,
248.5,0,48190,16639,0,16207,11359,
249.5,0,49933,17789,0,16930,11773,
250.5,0,51511,18898,0,17602,12149,
251.5,0,52886,19944,0,18207,12479,
252.5,0,54022,20899,0,18730,12754,
253.5,0,54886,21739,0,19156,12965,
254.5,0,55447,22439,0,19471,13106,
255.5,0,55679,22975,0,19663,13170,
256.5,0,55560,23327,0,19722,13151,
257.5,0,55078,23481,0,19640,13045,
258.5,0,54228,23426,0,19413,12852,
259.5,0,53013,23156,0,19042,12570,
260.5,0,51445,22675,0,18530,12204,
261.5,0,49545,21990,0,17884,11758,
262.5,0,47343,21115,0,17115,11238,
263.5,0,44876,20072,0,16237,10654,
264.5,0,42187,18885,0,15268,10016,
265.5,0,39325,17582,0,14227,9336,
266.5,0,36341,16197,0,13134,8626,
267.5,0,33289,14760,0,12012,7900,
268.5,0,30220,13304,0,10881,7169,
269.5,0,27185,11860,0,9761,6446,
270.5,0,24229,10455,0,8671,5742,
271.5,0,21392,9112,0,7626,5066,
272.5,0,18708,7852,0,6640,4428,
273.5,0,16204,6689,0,5723,3833,
274.5,0,13899,5632,0,4883,3286,
275.5,0,11806,4688,0,4123,2789,
276.5,0,9930,3856,0,3446,2344,
277.5,0,8269,3134,0,2851,1951,
278.5,0,6818,2518,0,2334,1608,
279.5,0,5565,1999,0,1891,1312,
280.5,0,4498,1568,0,1516,1060,
281.5,0,3598,1215,0,1203,848,
282.5,0,2850,931,0,945,672,
283.5,0,2235,704,0,735,527,
284.5,0,1735,527,0,565,409,
285.5,0,1333,389,0,431,315,
286.5,0,1015,284,0,325,240,
287.5,0,765,205,0,242,181,
288.5,0,570,146,0,179,135,
289.5,0,421,103,0,131,100,
290.5,0,308,72,0,95,73,
291.5,0,223,49,0,68,53,
292.5,0,160,33,0,48,38,
293.5,0,114,22,0,34,27,
294.5,0,80,15,0,24,19,
295.5,0,56,10,0,16,13,
296.5,0,39,6,0,11,9,
297.5,0,27,4,0,8,6,
298.5,0,18,3,0,5,4,
299.5,0,12,2,0,3,3,
300.5,0,8,0,0,2,2,
301.5,0,5,0,0,2,1,
302.5,0,4,0,0,0,0,
303.5,0,2,0,0,0,0,
304.5,0,1,0,0,0,0,
305.5,0,0,0,0,0,0,
306.5,0,0,0,0,0,0,
307.5,0,0,0,0,0,0,
308.5,0,0,0,0,0,0,
309.5,0,0,0,0,0,0,
310.5,0,0,0,0,0,0,
311.5,0,0,0,0,0,0,
312.5,0,0,0,0,0,0,
313.5,0,0,0,0,0,0,
314.5,0,0,0,0,0,0,
315.5,0,0,0,0,0,0,
316.5,0,0,0,0,0,0,
317.5,0,0,0,0,0,0,
318.5,0,0,0,0,0,0,
319.5,0,0,0,0,0,0,
320.5,0,0,0,0,0,0,
321.5,0,0,0,0,0,0,
322.5,0,0,0,0,0,0,
323.5,0,0,0,0,0,0,
324.5,0,0,0,0,0,0,
325.5,0,0,0,0,0,0,
326.5,0,0,0,0,0,0,
327.5,0,0,0,0,0,0,
328.5,0,0,0,0,0,0,
329.5,0,0,0,0,0,0,
330.5,0,0,0,0,0,0,
331.5,0,0,0,0,0,0,
332.5,0,0,0,0,0,0,
333.5,0,0,0,0,0,0,
334.5,0,0,0,0,0,0,
335.5,0,0,0,0,0,0,
336.5,0,0,0,0,0,0,
337.5,0,0,0,0,0,0,
338.5,0,0,0,0,0,0,
339.5,0,0,0,0,0,0,
340.5,0,0,0,0,0,0,
341.5,0,0,0,0,0,0,
342.5,0,0,0,0,0,0,
343.5,0,0,0,0,0,0,
344.5,0,0,0,0,0,0,
345.5,0,0,0,0,0,0,
346.5,0,0,0,0,0,0,
347.5,0,0,0,0,0,0,
348.5,0,0,0,0,0,0,
349.5,0,0,0,0,0,0,
350.5,0,0,0,0,0,0,
351.5,0,0,0,0,0,0,
352.5,0,0,0,0,0,0,
353.5,0,0,0,0,0,0,
354.5,0,0,0,0,0,0,
355.5,0,0,0,0,0,0,
356.5,0,0,0,0,0,0,
357.5,0,0,0,0,0,0,
358.5,0,0,0,0,0,0,
359.5,0,0,0,0,0,0,
360.5,0,0,0,0,0,0,
361.5,0,0,0,0,0,0,
362.5,0,0,0,0,0,0,
363.5,0,0,0,1,0,0,
364.5,0,0,0,1,0,0,
365.5,0,0,0,2,0,0,
366.5,0,0,0,2,0,0,
367.5,0,0,0,3,0,0,
368.5,0,0,0,3,0,0,
369.5,0,0,0,4,1,1,
370.5,0,0,0,6,1,1,
371.5,0,0,0,7,2,2,
372.5,0,0,0,9,2,2,
373.5,0,0,0,11,3,3,
374.5,0,0,0,14,4,4,
375.5,0,0,0,18,5,5,
376.5,0,0,0,23,6,6,
377.5,0,0,0,29,7,7,
378.5,0,0,0,36,9,9,
379.5,0,0,0,45,11,11,
380.5,0,0,0,56,14,14,
381.5,0,0,0,69,17,17,
382.5,0,0,0,85,21,21,
383.5,0,0,0,105,26,26,
384.5,0,0,0,129,32,32,
385.5,0,0,0,158,40,40,
386.5,0,0,0,193,48,48,
387.5,0,0,0,235,59,59,
388.5,0,0,0,284,71,71,
389.5,0,0,0,343,86,86,
390.5,0,0,0,412,103,103,
391.5,0,0,0,493,123,123,
392.5,0,0,0,588,147,147,
393.5,0,0,0,699,175,175,
394.5,0,0,0,826,206,206,
395.5,0,0,0,972,243,243,
396.5,0,0,0,1139,285,285,
397.5,0,0,0,1329,332,332,
398.5,0,0,0,1543,386,386,
399.5,0,0,0,1784,446,446,
400.5,0,0,0,2052,513,513,
401.5,0,0,0,2349,587,587,
402.5,0,0,0,2675,669,669,
403.5,0,0,0,3032,758,758,
404.5,0,0,0,3419,855,855,
405.5,0,0,0,3835,959,959,
406.5,0,0,0,4280,1070,1070,
407.5,0,0,0,4751,1188,1188,
408.5,0,0,0,5246,1311,1311,
409.5,0,0,0,5761,1440,1440,
410.5,0,0,0,6292,1573,1573,
411.5,0,0,0,6834,1709,1709,
412.5,0,0,0,7382,1846,1846,
413.5,0,0,0,7929,1982,1982,
414.5,0,0,0,8468,2117,2117,
415.5,0,0,0,8992,2248,2248,
416.5,0,0,0,9494,2373,2373,
417.5,0,0,0,9965,2491,2491,
418.5,0,0,0,10399,2600,2600,
419.5,0,0,0,10787,2697,2697,
420.5,0,0,0,11124,2781,2781,
421.5,0,0,0,11403,2851,2851,
422.5,0,0,0,11618,2905,2905,
423.5,0,0,0,11766,2942,2942,
424.5,0,0,0,11844,2961,2961,
425.5,0,0,0,11849,2962,2962,
426.5,0,0,0,11781,2945,2945,
427.5,0,0,0,11641,2910,2910,
428.5,0,0,0,11432,2858,2858,
429.5,0,0,0,11157,2789,2789,
430.5,0,0,0,10820,2705,2705,
431.5,0,0,0,10428,2607,2607,
432.5,0,0,0,9987,2497,2497,
433.5,0,0,0,9503,2376,2376,
434.5,0,0,0,8986,2247,2247,
435.5,0,0,0,8444,2111,2111,
436.5,0,0,0,7883,1971,1971,
437.5,0,0,0,7312,1828,1828,
438.5,0,0,0,6740,1685,1685,
439.5,0,0,0,6172,1543,1543,
440.5,0,0,0,5616,1404,1404,
441.5,0,0,0,5077,1269,1269,
442.5,0,0,0,4560,1140,1140,
443.5,0,0,0,4069,1017,1017,
444.5,0,0,0,3608,902,902,
445.5,0,0,0,3178,795,795,
446.5,0,0,0,2781,695,695,
447.5,0,0,0,2418,605,605,
448.5,0,0,0,2089,522,522,
449.5,0,0,0,1793,448,448,
450.5,0,0,0,1528,382,382,
451.5,0,0,0,1295,324,324,
452.5,0,0,0,1090,272,272,
453.5,0,0,0,911,228,228,
454.5,0,0,0,757,189,189,
455.5,0,0,0,624,156,156,
456.5,0,0,0,512,128,128,
457.5,0,0,0,417,104,104,
458.5,0,0,0,337,84,84,
459.5,0,0,0,271,68,68,
460.5,0,0,0,217,54,54,
461.5,0,0,0,172,43,43,
462.5,0,0,0,135,34,34,
463.5,0,0,0,106,27,27,
464.5,0,0,0,83,21,21,
465.5,0,0,0,64,16,16,
466.5,0,0,0,49,12,12,
467.5,0,0,0,37,9,9,
468.5,0,0,0,28,7,7,
469.5,0,0,0,21,5,5,
470.5,0,0,0,16,4,4,
471.5,0,0,0,12,3,3,
472.5,0,0,0,9,2,2,
473.5,0,0,0,6,2,2,
474.5,0,0,0,5,1,1,
475.5,0,0,0,3,0,0,
476.5,0,0,0,2,0,0,
477.5,0,0,0,2,0,0,
478.5,0,0,0,1,0,0,
479.5,0,0,0,0,0,0,
480.5,0,0,0,0,0,0,
481.5,0,0,0,0,0,0,
482.5,0,0,0,0,0,0,
483.5,0,0,0,0,0,0,
484.5,0,0,0,0,0,0,
485.5,0,0,0,0,0,0,
486.5,0,0,0,0,0,0,
487.5,0,0,0,0,0,0,
488.5,0,0,0,0,0,0,
489.5,0,0,0,0,0,0,
490.5,0,0,0,0,0,0,
491.5,0,0,0,0,0,0,
492.5,0,0,0,0,0,0,
493.5,0,0,0,0,0,0,
494.5,0,0,0,0,0,0,
495.5,0,0,0,0,0,0,
496.5,0,0,0,0,0,0,
497.5,0,0,0,0,0,0,
498.5,0,0,0,0,0,0,
499.5,0,0,0,0,0,0,
500.5,0,0,0,0,0,0,
501.5,0,0,0,0,0,0,
502.5,0,0,0,0,0,0,
503.5,0,0,0,0,0,0,
504.5,0,0,0,0,0,0,
505.5,0,0,0,0,0,0,
506.5,0,0,0,0,0,0,
507.5,0,0,0,0,0,0,
508.5,0,0,0,0,0,0,
509.5,0,0,0,0,0,0,
510.5,0,0,0,0,0,0,
511.5,0,0,0,0,0,0,
512.5,0,0,0,0,0,0,
513.5,0,0,0,0,0,0,
514.5,0,0,0,0,0,0,
515.5,0,0,0,0,0,0,
516.5,0,0,0,0,0,0,
517.5,0,0,0,0,0,0,
518.5,0,0,0,0,0,0,
519.5,0,0,0,0,0,0,
520.5,0,0,0,0,0,0,
521.5,0,0,0,0,0,0,
522.5,0,0,0,0,0,0,
523.5,0,0,0,0,0,0,
524.5,0,0,0,0,0,0,
525.5,0,0,0,0,0,0,
526.5,0,0,0,0,0,0,
527.5,0,0,0,0,0,0,
528.5,0,0,0,0,0,0,
529.5,0,0,0,0,0,0,
530.5,0,0,0,0,0,0,
531.5,0,0,0,0,0,0,
532.5,0,0,0,0,0,0,
533.5,0,0,0,0,0,0,
534.5,0,0,0,0,0,0,
535.5,0,0,0,0,0,0,
536.5,0,0,0,0,0,0,
537.5,0,0,0,0,0,0,
538.5,0,0,0,0,0,0,
539.5,0,0,0,0,0,0,
540.5,0,0,0,0,0,0,
541.5,0,0,0,0,0,0,
542.5,0,0,0,0,0,0,
543.5,0,0,0,0,0,0,
544.5,0,0,0,0,0,0,
545.5,0,0,0,0,0,0,
546.5,0,0,0,0,0,0,
547.5,0,0,0,0,0,0,
548.5,0,0,0,0,0,0,
549.5,0,0,0,0,0,0,
550.5,0,0,0,0,0,0,
551.5,0,0,0,0,0,0,
552.5,0,0,0,0,0,0,
553.5,0,0,0,0,0,0,
554.5,0,0,0,0,0,0,
555.5,0,0,0,0,0,0,
556.5,0,0,0,0,0,0,
557.5,0,0,0,0,0,0,
558.5,0,0,0,0,0,0,
559.5,0,0,0,0,0,0,
560.5,0,0,0,0,0,0,
561.5,0,0,0,0,0,0,
562.5,0,0,0,0,0,0,
563.5,0,0,0,0,0,0,
564.5,0,0,0,0,0,0,
565.5,0,0,0,0,0,0,
566.5,0,0,0,0,0,0,
567.5,0,0,0,0,0,0,
568.5,0,0,0,0,0,0,
569.5,0,0,0,0,0,0,
570.5,0,0,0,0,0,0,
571.5,0,0,0,0,0,0,
572.5,0,0,0,0,0,0,
573.5,0,0,0,0,0,0,
574.5,0,0,0,0,0,0,
575.5,0,0,0,0,0,0,
576.5,0,0,0,0,0,0,
577.5,0,0,0,0,0,0,
578.5,0,0,0,0,0,0,
579.5,0,0,0,0,0,0,
580.5,0,0,0,0,0,0,
581.5,0,0,0,0,0,0,
582.5,0,0,0,0,0,0,
583.5,0,0,0,0,0,0,
584.5,0,0,0,0,0,0,
585.5,0,0,0,0,0,0,
586.5,0,0,0,0,0,0,
587.5,0,0,0,0,0,0,
588.5,0,0,0,0,0,0,
589.5,0,0,0,0,0,0,
590.5,0,0,0,0,0,0,
591.5,0,0,0,0,0,0,
592.5,0,0,0,0,0,0,
593.5,0,0,0,0,0,0,
594.5,0,0,0,0,0,0,
595.5,0,0,0,0,0,0,
596.5,0,0,0,0,0,0,
597.5,0,0,0,0,0,0,
598.5,0,0,0,0,0,0,
599.5,0,0,0,0,0,0,
600.5,0,0,0,0,0,0,
601.5,0,0,0,0,0,0,
602.5,0,0,0,0,0,0,
603.5,0,0,0,0,0,0,
604.5,0,0,0,0,0,0,
605.5,0,0,0,0,0,0,
606.5,0,0,0,0,0,0,
607.5,0,0,0,0,0,0,
608.5,0,0,0,0,0,0,
609.5,0,0,0,0,0,0,
610.5,0,0,0,0,0,0,
611.5,0,0,0,0,0,0,
612.5,0,0,0,0,0,0,
613.5,0,0,0,0,0,0,
614.5,0,0,0,0,0,0,
615.5,0,0,0,0,0,0,
616.5,0,0,0,0,0,0,
617.5,0,0,0,0,0,0,
618.5,0,0,0,0,0,0,
619.5,0,0,0,0,0,0,
620.5,0,0,0,0,0,0,
621.5,0,0,0,0,0,0,
622.5,0,0,0,0,0,0,
623.5,0,0,0,0,0,0,
624.5,0,0,0,0,0,0,
625.5,0,0,0,0,0,0,
626.5,0,0,0,0,0,0,
627.5,0,0,0,0,0,0,
628.5,0,0,0,0,0,0,
629.5,0,0,0,0,0,0,
630.5,0,0,0,0,0,0,
631.5,0,0,0,0,0,0,
632.5,0,0,0,0,0,0,
633.5,0,0,0,0,0,0,
634.5,0,0,0,0,0,0,
635.5,0,0,0,0,0,0,
636.5,0,0,0,0,0,0,
637.5,0,0,0,0,0,0,
638.5,0,0,0,0,0,0,
639.5,0,0,0,0,0,0,
640.5,0,0,0,0,0,0,
641.5,0,0,0,0,0,0,
642.5,0,0,0,0,0,0,
643.5,0,0,0,0,0,0,
644.5,0,0,0,0,0,0,
645.5,0,0,0,0,0,0,
646.5,0,0,0,0,0,0,
647.5,0,0,0,0,0,0,
648.5,0,0,0,0,0,0,
649.5,0,0,0,0,0,0,
650.5,0,0,0,0,0,0,
651.5,0,0,0,0,0,0,
652.5,0,0,0,0,0,0,
653.5,0,0,0,0,0,0,
654.5,0,0,0,0,0,0,
655.5,0,0,0,0,0,0,
656.5,0,0,0,0,0,0,
657.5,0,0,0,0,0,0,
658.5,0,0,0,0,0,0,
659.5,0,0,0,0,0,0,
660.5,0,0,0,0,0,0,
661.5,0,0,0,0,0,0,
662.5,0,0,0,0,0,0,
663.5,0,0,0,0,0,0,
664.5,0,0,0,0,0,0,
665.5,0,0,0,0,0,0,
666.5,0,0,0,0,0,0,
667.5,0,0,0,0,0,0,
668.5,0,0,0,0,0,0,
669.5,0,0,0,0,0,0,
670.5,0,0,0,0,0,0,
671.5,0,0,0,0,0,0,
672.5,0,0,0,0,0,0,
673.5,0,0,0,0,0,0,
674.5,0,0,0,0,0,0,
675.5,0,0,0,0,0,0,
676.5,0,0,0,0,0,0,
677.5,0,0,0,0,0,0,
678.5,0,0,0,0,0,0,
679.5,0,0,0,0,0,0,
680.5,0,0,0,0,0,0,
681.5,0,0,0,0,0,0,
682.5,0,0,0,0,0,0,
683.5,0,0,0,0,0,0,
684.5,0,0,0,0,0,0,
685.5,0,0,0,0,0,0,
686.5,0,0,0,0,0,0,
687.5,0,0,0,0,0,0,
688.5,0,0,0,0,0,0,
689.5,0,0,0,0,0,0,
690.5,0,0,0,0,0,0,
691.5,0,0,0,0,0,0,
692.5,0,0,0,0,0,0,
693.5,0,0,0,0,0,0,
694.5,0,0,0,0,0,0,
695.5,0,0,0,0,0,0,
696.5,0,0,0,0,0,0,
697.5,0,0,0,0,0,0,
698.5,0,0,0,0,0,0,
699.5,0,0,0,0,0,0,
700.5,0,0,0,0,0,0,
701.5,0,0,0,0,0,0,
702.5,0,0,0,0,0,0,
703.5,0,0,0,0,0,0,
704.5,0,0,0,0,0,0,
705.5,0,0,0,0,0,0,
706.5,0,0,0,0,0,0,
707.5,0,0,0,0,0,0,
708.5,0,0,0,0,0,0,
709.5,0,0,0,0,0,0,
710.5,0,0,0,0,0,0,
711.5,0,0,0,0,0,0,
712.5,0,0,0,0,0,0,
713.5,0,0,0,0,0,0,
714.5,0,0,0,0,0,0,
715.5,0,0,0,0,0,0,
716.5,0,0,0,0,0,0,
717.5,0,0,0,0,0,0,
718.5,0,0,0,0,0,0,
719.5,0,0,0,0,0,0,
720.5,0,0,0,0,0,0,
721.5,0,0,0,0,0,0,
722.5,0,0,0,0,0,0,
723.5,0,0,0,0,0,0,
724.5,0,0,0,0,0,0,
725.5,0,0,0,0,0,0,
726.5,0,0,0,0,0,0,
727.5,0,0,0,0,0,0,
728.5,0,0,0,0,0,0,
729.5,0,0,0,0,0,0,
730.5,0,0,0,0,0,0,
731.5,0,0,0,0,0,0,
732.5,0,0,0,0,0,0,
733.5,0,0,0,0,0,0,
734.5,0,0,0,0,0,0,
735.5,0,0,0,0,0,0,
736.5,0,0,0,0,0,0,
737.5,0,0,0,0,0,0,
738.5,0,0,0,0,0,0,
739.5,0,0,0,0,0,0,
740.5,0,0,0,0,0,0,
741.5,0,0,0,0,0,0,
742.5,0,0,0,0,0,0,
743.5,0,0,0,0,0,0,
744.5,0,0,0,0,0,0,
745.5,0,0,0,0,0,0,
746.5,0,0,0,0,0,0,
747.5,0,0,0,0,0,0,
748.5,0,0,0,0,0,0,
749.5,0,0,0,0,0,0,
750.5,0,0,0,0,0,0,
751.5,0,0,0,0,0,0,
752.5,0,0,0,0,0,0,
753.5,0,0,0,0,0,0,
754.5,0,0,0,0,0,0,
755.5,0,0,0,0,0,0,
756.5,0,0,0,0,0,0,
757.5,0,0,0,0,0,0,
758.5,0,0,0,0,0,0,
759.5,0,0,0,0,0,0,
760.5,0,0,0,0,0,0,
761.5,0,0,0,0,0,0,
762.5,0,0,0,0,0,0,
763.5,0,0,0,0,0,0,
764.5,0,0,0,0,0,0,
765.5,0,0,0,0,0,0,
766.5,0,0,0,0,0,0,
767.5,0,0,0,0,0,0,
768.5,0,0,0,0,0,0,
769.5,0,0,0,0,0,0,
770.5,0,0,0,0,0,0,
771.5,0,0,0,0,0,0,
772.5,0,0,0,0,0,0,
773.5,0,0,0,0,0,0,
774.5,0,0,0,0,0,0,
775.5,0,0,0,0,0,0,
776.5,0,0,0,0,0,0,
777.5,0,0,0,0,0,0,
778.5,0,0,0,0,0,0,
779.5,0,0,0,0,0,0,
780.5,0,0,0,0,0,0,
781.5,0,0,0,0,0,0,
782.5,0,0,0,0,0,0,
783.5,0,0,0,0,0,0,
784.5,0,0,0,0,0,0,
785.5,0,0,0,0,0,0,
786.5,0,0,0,0,0,0,
787.5,0,0,0,0,0,0,
788.5,0,0,0,0,0,0,
789.5,0,0,0,0,0,0,
790.5,0,0,0,0,0,0,
791.5,0,0,0,0,0,0,
792.5,0,0,0,0,0,0,
793.5,0,0,0,0,0,0,
794.5,0,0,0,0,0,0,
795.5,0,0,0,0,0,0,
796.5,0,0,0,0,0,0,
797.5,0,0,0,0,0,0,
798.5,0,0,0,0,0,0,
799.5,0,0,0,0,0,0,
800.5,0,0,0,0,0,0,
801.5,0,0,0,0,0,0,
802.5,0,0,0,0,0,0,
803.5,0,0,0,0,0,0,
804.5,0,0,0,0,0,0,
805.5,0,0,0,0,0,0,
806.5,0,0,0,0,0,0,
807.5,0,0,0,0,0,0,
808.5,0,0,0,0,0,0,
809.5,0,0,0,0,0,0,
810.5,0,0,0,0,0,0,
811.5,0,0,0,0,0,0,
812.5,0,0,0,0,0,0,
813.5,0,0,0,0,0,0,
814.5,0,0,0,0,0,0,
815.5,0,0,0,0,0,0,
816.5,0,0,0,0,0,0,
817.5,0,0,0,0,0,0,
818.5,0,0,0,0,0,0,
819.5,0,0,0,0,0,0,
820.5,0,0,0,0,0,0,
821.5,0,0,0,0,0,0,
822.5,0,0,0,0,0,0,
823.5,0,0,0,0,0,0,
824.5,0,0,0,0,0,0,
825.5,0,0,0,0,0,0,
826.5,0,0,0,0,0,0,
827.5,0,0,0,0,0,0,
828.5,0,0,0,0,0,0,
829.5,0,0,0,0,0,0,
830.5,0,0,0,0,0,0,
831.5,0,0,0,0,0,0,
832.5,0,0,0,0,0,0,
833.5,0,0,0,0,0,0,
834.5,0,0,0,0,0,0,
835.5,0,0,0,0,0,0,
836.5,0,0,0,0,0,0,
837.5,0,0,0,0,0,0,
838.5,0,0,0,0,0,0,
839.5,0,0,0,0,0,0,
840.5,0,0,0,0,0,0,
841.5,0,0,0,0,0,0,
842.5,0,0,0,0,0,0,
843.5,0,0,0,0,0,0,
844.5,0,0,0,0,0,0,
845.5,0,0,0,0,0,0,
846.5,0,0,0,0,0,0,
847.5,0,0,0,0,0,0,
848.5,0,0,0,0,0,0,
849.5,0,0,0,0,0,0,
850.5,0,0,0,0,0,0,
851.5,0,0,0,0,0,0,
852.5,0,0,0,0,0,0,
853.5,0,0,0,0,0,0,
854.5,0,0,0,0,0,0,
855.5,0,0,0,0,0,0,
856.5,0,0,0,0,0,0,
857.5,0,0,0,0,0,0,
858.5,0,0,0,0,0,0,
859.5,0,0,0,0,0,0,
860.5,0,0,0,0,0,0,
861.5,0,0,0,0,0,0,
862.5,0,0,0,0,0,0,
863.5,0,0,0,0,0,0,
864.5,0,0,0,0,0,0,
865.5,0,0,0,0,0,0,
866.5,0,0,0,0,0,0,
867.5,0,0,0,0,0,0,
868.5,0,0,0,0,0,0,
869.5,0,0,0,0,0,0,
870.5,0,0,0,0,0,0,
871.5,0,0,0,0,0,0,
872.5,0,0,0,0,0,0,
873.5,0,0,0,0,0,0,
874.5,0,0,0,0,0,0,
875.5,0,0,0,0,0,0,
876.5,0,0,0,0,0,0,
877.5,0,0,0,0,0,0,
878.5,0,0,0,0,0,0,
879.5,0,0,0,0,0,0,
880.5,0,0,0,0,0,0,
881.5,0,0,0,0,0,0,
882.5,0,0,0,0,0,0,
883.5,0,0,0,0,0,0,
884.5,0,0,0,0,0,0,
885.5,0,0,0,0,0,0,
886.5,0,0,0,0,0,0,
887.5,0,0,0,0,0,0,
888.5,0,0,0,0,0,0,
889.5,0,0,0,0,0,0,
890.5,0,0,0,0,0,0,
891.5,0,0,0,0,0,0,
892.5,0,0,0,0,0,0,
893.5,0,0,0,0,0,0,
894.5,0,0,0,0,0,0,
895.5,0,0,0,0,0,0,
896.5,0,0,0,0,0,0,
897.5,0,0,0,0,0,0,
898.5,0,0,0,0,0,0,
899.5,0,0,0,0,0,0,
900.5,0,0,0,0,0,0,
901.5,0,0,0,0,0,0,
902.5,0,0,0,0,0,0,
903.5,0,0,0,0,0,0,
904.5,0,0,0,0,0,0,
905.5,0,0,0,0,0,0,
906.5,0,0,0,0,0,0,
907.5,0,0,0,0,0,0,
908.5,0,0,0,0,0,0,
909.5,0,0,0,0,0,0,
910.5,0,0,0,0,0,0,
911.5,0,0,0,0,0,0,
912.5,0,0,0,0,0,0,
913.5,0,0,0,0,0,0,
914.5,0,0,0,0,0,0,
915.5,0,0,0,0,0,0,
916.5,0,0,0,0,0,0,
917.5,0,0,0,0,0,0,
918.5,0,0,0,0,0,0,
919.5,0,0,0,0,0,0,
920.5,0,0,0,0,0,0,
921.5,0,0,0,0,0,0,
922.5,0,0,0,0,0,0,
923.5,0,0,0,0,0,0,
924.5,0,0,0,0,0,0,
925.5,0,0,0,0,0,0,
926.5,0,0,0,0,0,0,
927.5,0,0,0,0,0,0,
928.5,0,0,0,0,0,0,
929.5,0,0,0,0,0,0,
930.5,0,0,0,0,0,0,
931.5,0,0,0,0,0,0,
932.5,0,0,0,0,0,0,
933.5,0,0,0,0,0,0,
934.5,0,0,0,0,0,0,
935.5,0,0,0,0,0,0,
936.5,0,0,0,0,0,0,
937.5,0,0,0,0,0,0,
938.5,0,0,0,0,0,0,
939.5,0,0,0,0,0,0,
940.5,0,0,0,0,0,0,
941.5,0,0,0,0,0,0,
942.5,0,0,0,0,0,0,
943.5,0,0,0,0,0,0,
944.5,0,0,0,0,0,0,
945.5,0,0,0,0,0,0,
946.5,0,0,0,0,0,0,
947.5,0,0,0,0,0,0,
948.5,0,0,0,0,0,0,
949.5,0,0,0,0,0,0,
950.5,0,0,0,0,0,0,
951.5,0,0,0,0,0,0,
952.5,0,0,0,0,0,0,
953.5,0,0,0,0,0,0,
954.5,0,0,0,0,0,0,
955.5,0,0,0,0,0,0,
956.5,0,0,0,0,0,0,
957.5,0,0,0,0,0,0,
958.5,0,0,0,0,0,0,
959.5,0,0,0,0,0,0,
960.5,0,0,0,0,0,0,
961.5,0,0,0,0,0,0,
962.5,0,0,0,0,0,0,
963.5,0,0,0,0,0,0,
964.5,0,0,0,0,0,0,
965.5,0,0,0,0,0,0,
966.5,0,0,0,0,0,0,
967.5,0,0,0,0,0,0,
968.5,0,0,0,0,0,0,
969.5,0,0,0,0,0,0,
970.5,0,0,0,0,0,0,
971.5,0,0,0,0,0,0,
972.5,0,0,0,0,0,0,
973.5,0,0,0,0,0,0,
974.5,0,0,0,0,0,0,
975.5,0,0,0,0,0,0,
976.5,0,0,0,0,0,0,
977.5,0,0,0,0,0,0,
978.5,0,0,0,0,0,0,
979.5,0,0,0,0,0,0,
980.5,0,0,0,0,0,0,
981.5,0,0,0,0,0,0,
982.5,0,0,0,0,0,0,
983.5,0,0,0,0,0,0,
984.5,0,0,0,0,0,0,
985.5,0,0,0,0,0,0,
986.5,0,0,0,0,0,0,
987.5,0,0,0,0,0,0,
988.5,0,0,0,0,0,0,
989.5,0,0,0,0,0,0,
990.5,0,0,0,0,0,0,
991.5,0,0,0,0,0,0,
992.5,0,0,0,0,0,0,
993.5,0,0,0,0,0,0,
994.5,0,0,0,0,0,0,
995.5,0,0,0,0,0,0,
996.5,0,0,0,0,0,0,
997.5,0,0,0,0,0,0,
998.5,0,0,0,0,0,0,
999.5,0,0,0,0,0,0,

Percentile,Size (nm),Size (nm),Size (nm),Size (nm),
0,37.0,42.0,52.0,49.0,
1,72.2,54.0,65.4,54.9,
2,74.3,55.5,67.1,55.5,
3,75.5,56.6,68.2,56.0,
4,76.3,57.6,69.1,56.4,
5,77.0,58.5,69.9,56.8,
6,77.6,59.4,70.6,57.1,
7,78.1,60.3,71.3,57.5,
8,78.5,61.3,72.0,57.9,
9,79.0,62.4,72.7,58.5,
10,79.4,63.7,73.4,59.4,
11,79.8,65.4,74.1,90.0,
12,80.1,67.9,74.8,92.8,
13,80.5,71.9,75.6,94.0,
14,80.8,76.1,76.4,94.7,
15,81.2,78.8,77.4,95.4,
16,81.5,80.5,78.6,95.9,
17,81.9,81.9,80.0,96.4,
18,82.2,83.0,82.0,96.8,
19,82.6,84.0,85.7,97.2,
20,82.9,84.9,95.3,97.5,
21,83.3,85.7,103.7,97.8,
22,83.7,86.6,107.3,98.2,
23,84.1,87.6,109.6,98.4,
24,84.5,88.6,111.2,98.7,
25,84.9,90.0,112.6,99.0,
26,85.4,92.9,113.8,99.3,
27,86.0,147.3,114.9,99.5,
28,86.6,149.9,115.8,99.8,
29,87.2,151.5,116.7,100.0,
30,88.0,152.7,117.6,100.3,
31,89.1,153.8,118.4,100.5,
32,90.5,154.7,119.2,100.7,
33,93.2,155.5,120.0,101.0,
34,126.2,156.3,120.7,101.2,
35,132.4,157.0,121.5,101.4,
36,134.5,157.7,122.2,101.6,
37,136.0,158.3,123.0,101.9,
38,137.1,159.0,123.7,102.1,
39,138.0,159.6,124.5,102.3,
40,138.9,160.2,125.2,102.5,
41,139.6,160.7,126.0,102.8,
42,140.3,161.3,126.8,103.0,
43,141.0,161.9,127.7,103.2,
44,141.6,162.5,128.5,103.5,
45,142.2,163.0,129.4,103.7,
46,142.8,163.6,130.3,104.0,
47,143.3,164.2,131.2,104.2,
48,143.9,164.7,132.2,104.5,
49,144.5,165.3,133.2,104.8,
50,145.0,165.9,134.3,105.0,
51,145.6,166.5,135.4,105.3,
52,146.2,167.1,136.6,105.6,
53,146.8,167.7,137.7,105.9,
54,147.4,168.4,139.0,106.2,
55,148.0,169.0,140.2,106.6,
56,148.7,169.7,141.5,106.9,
57,149.5,170.4,142.8,107.3,
58,150.2,171.1,144.0,107.7,
59,151.1,171.8,145.3,108.2,
60,152.0,172.6,146.5,108.7,
61,153.1,173.4,147.8,109.3,
62,154.5,174.3,149.0,109.9,
63,156.1,175.2,150.1,110.6,
64,158.2,176.2,151.3,111.6,
65,161.4,177.2,152.4,112.8,
66,166.8,178.4,153.4,114.6,
67,174.6,179.6,154.5,118.2,
68,180.4,180.9,155.5,143.6,
69,184.0,182.5,156.5,153.5,
70,186.4,184.2,157.5,157.0,
71,188.2,186.1,158.5,159.1,
72,189.6,188.5,159.4,160.8,
73,190.9,191.3,160.3,162.1,
74,192.0,194.9,161.3,163.3,
75,192.9,199.6,162.2,164.3,
76,193.8,205.8,163.1,165.3,
77,194.6,213.5,164.1,166.2,
78,195.4,221.4,165.0,167.0,
79,196.1,227.8,165.9,167.8,
80,196.8,232.7,166.9,168.5,
81,197.5,236.5,167.9,169.3,
82,198.2,239.5,168.9,170.0,
83,198.8,242.1,170.0,170.7,
84,199.5,244.4,171.1,171.4,
85,200.1,246.4,172.3,172.1,
86,200.7,248.2,173.6,172.8,
87,201.4,250.0,175.1,173.5,
88,202.0,251.6,176.7,174.3,
89,202.7,253.2,178.6,175.1,
90,203.3,254.7,180.9,175.9,
91,204.0,256.2,184.0,176.8,
92,204.8,257.8,189.2,177.7,
93,205.5,259.3,211.6,178.8,
94,206.4,261.0,242.1,180.0,
95,207.3,262.7,249.2,181.5,
96,208.4,264.6,254.0,183.5,
97,209.6,266.8,258.1,186.8,
98,211.2,269.5,262.3,410.1,
99,213.7,273.5,267.5,426.9,
100,236.0,305.0,300.0,479.0,
,,,,,
